{
  "project_info": {
    "project_number": "90039001177",
    "firebase_url": "https://photoeditor-9cb79.firebaseio.com",
    "project_id": "photoeditor-9cb79",
    "storage_bucket": "photoeditor-9cb79.appspot.com"
  },
  "client": [
    {
      "client_info": {
        "mobilesdk_app_id": "1:90039001177:android:86cfe3d0106ffdb7",
        "android_client_info": {
          "package_name": "com.group10.photoeditor"
        }
      },
      "oauth_client": [
        {
          "client_id": "90039001177-o6lnssgmbivmvutv14u8a01lvogufrka.apps.googleusercontent.com",
          "client_type": 1,
          "android_info": {
            "package_name": "com.group10.photoeditor",
            "certificate_hash": "b8b3dc070d16cf54215d5278ad9f87b0149ea09f"
          }
        },
        {
          "client_id": "90039001177-kgh5jqtk1j5vjgcdsidhr2v3jsqkc5dc.apps.googleusercontent.com",
          "client_type": 3
        }
      ],
      "api_key": [
        {
          "current_key": "AIzaSyBMmZaRAUj0B-1oewevoLwZBe6SmNjcPcQ"
        }
      ],
      "services": {
        "analytics_service": {
          "status": 1
        },
        "appinvite_service": {
          "status": 2,
          "other_platform_oauth_client": [
            {
              "client_id": "90039001177-kgh5jqtk1j5vjgcdsidhr2v3jsqkc5dc.apps.googleusercontent.com",
              "client_type": 3
            }
          ]
        },
        "ads_service": {
          "status": 2
        }
      }
    }
  ],
  "configuration_version": "1"
}